"","Country","Neighbor","land_border_proportion","total_border_proportion"
"1","IND","LKA",3.171367086e-06,2.12174077e-06
"2","CHN","MAC",1.525940997e-05,9.277703496e-06
"3","ZMB","BWA",2.641295087e-05,2.646903123e-05
"4","BWA","ZMB",3.72745491e-05,3.735990037e-05
"5","ESP","GIB",0.0006291946309,0.0001743679163
"6","RUS","PRK",0.0009647853353,0.0003294607248
"7","ITA","VAT",0.001666666667,0.0003357112883
"8","FRA","MCO",0.001504178273,0.0005683285973
"9","CHN","HKG",0.001380613283,0.0008186208967
"10","TUR","AZE",0.003404255319,0.0009138911454
"11","RUS",NA,0.003698343785,0.001283162823
"12","CHN","AFG",0.003415201279,0.002073839605
"13","EGY","PSE",0.004106280193,0.002150537634
"14","NOR","RUS",0.07697160883,0.002283530618
"15","ESP","MAR",0.009228187919,0.002470212148
"16","HRV","MNE",0.01172161172,0.003112549801
"17","RUS","NOR",0.009808650909,0.003398647477
"18","MAR","ESP",0.008771929825,0.003425347572
"19","RUS","POL",0.01029104358,0.003572047859
"20","RUS","LVA",0.01085383502,0.003762788278
"21","RUS","LTU",0.01133622769,0.00393618866
"22","IDN","TLS",0.08068181818,0.003962047753
"23","ITA","SMR",0.02,0.004091481326
"24","RUS",NA,0.01205981669,0.004178949194
"25","IRN","ARM",0.00650887574,0.004441624365
"26","AZE","TUR",0.004476418865,0.004470938897
"27","PRK","RUS",0.01153846154,0.004558541267
"28","RUS","AZE",0.01415018492,0.004924570834
"29","RUS","EST",0.01471297636,0.005097971216
"30","DZA","ESH",0.006467661692,0.005623995715
"31","NLD",NA,0.009782608696,0.00685483871
"32","FRA","AND",0.01961002786,0.00731077241
"33","MAC","CHN",1,0.008224479923
"34","SAU","QAT",0.01343988376,0.008485362749
"35","NOR","FIN",0.2883280757,0.008574890484
"36","DNK","DEU",1,0.009211595774
"37","ESP","AND",0.03322147651,0.009256030224
"38","FRA","LUX",0.02506963788,0.009429088091
"39","CHN","TJK",0.01867461125,0.01129696837
"40","DEU","DNK",0.01866666667,0.01131447587
"41","SOM","DJI",0.02620689655,0.01136999068
"42","CHN","LAO",0.01911059439,0.01154255464
"43","RUS","GEO",0.03609905129,0.01253684758
"44","CHL","PER",0.02582159624,0.01269236871
"45","CHN","BTN",0.02107251853,0.01282506071
"46","UKR","SVK",0.02071108043,0.01302887844
"47","AUT","LIE",0.01319095477,0.01327088212
"48","AFG","CHN",0.01367869616,0.01374570447
"49","GRC","TUR",0.1677588467,0.01382179281
"50","UKR","HUN",0.02209181912,0.01383478845
"51","IDN","PNG",0.2897727273,0.01424946999
"52","CHN","PAK",0.02361575352,0.01427129097
"53","TCD","NGA",0.0145631068,0.01457774799
"54","MOZ","SWZ",0.02288732394,0.01491265445
"55","GRC","MKD",0.2005242464,0.01650563607
"56","RUS","BLR",0.04791767165,0.01662909658
"57","NGA","TCD",0.02147117296,0.01775510204
"58","MEX","BLZ",0.05914972274,0.01827084704
"59","NOR","SWE",0.6347003155,0.01886242893
"60","GRC","ALB",0.2293577982,0.01892109501
"61","PER","CHL",0.02877906977,0.02012578616
"62","COD","RWA",0.02023988006,0.02015417479
"63","TUR","GRC",0.07781155015,0.02091795288
"64","COD","BDI",0.02173913043,0.0216401969
"65","PSE","EGY",0.02344827586,0.02173913043
"66","UZB","AFG",0.02198654941,0.02202218293
"67","CHE","LIE",0.02172024327,0.02213822894
"68","DEU","LUX",0.03822222222,0.02296173045
"69","RUS","FIN",0.06673098569,0.02323565112
"70","CHN","KGZ",0.03872983578,0.02341255764
"72","ITA","SVN",0.12,0.0243390684
"73","TUR","BGR",0.09118541033,0.02437043054
"74","COL","PAN",0.03752345216,0.02442466348
"75","MMR","BGD",0.03286770748,0.02472457084
"76","AFG","UZB",0.02473806752,0.02477844095
"77","TUR","GEO",0.09544072948,0.02558895207
"78","BRA","SUR",0.04063971957,0.02691371382
"79","TUR","ARM",0.1015197568,0.02721364744
"80","MNE","HRV",0.0412371134,0.02721829069
"81","RUS","UKR",0.0787104036,0.02732790012
"82","DEU","BEL",0.04622222222,0.02778702163
"83","ARM","IRN",0.02824133504,0.02791068581
"84","POL","LTU",0.03290993072,0.02819083024
"85","IND","BTN",0.04258692944,0.02852562591
"86","ZAF","ZWE",0.04634227077,0.02937336815
"87","AGO","COG",0.0386996904,0.02956751986
"88","HRV","SRB",0.1098901099,0.03000498008
"89","MMR","LAO",0.0399890441,0.0301050474
"90","BRA","GUF",0.04578814766,0.03033991525
"91","SRB","MKD",0.03095238095,0.03058707449
"92","IDN","MYS",0.6289772727,0.03096653112
"93","SYR","ISR",0.03357142857,0.03107113655
"94","SAU","KWT",0.05012713404,0.03139584217
"95","KAZ","TKM",0.03148445874,0.03155178155
"96","ERI","DJI",0.07722772277,0.03238341969
"97","GRC","BGR",0.4023591088,0.0331454643
"98","CHN","NPL",0.05580584217,0.03372718094
"99","CHN","VNM",0.05784043017,0.03495511229
"100","COG","AGO",0.0365497076,0.03543098889
"101","AUT","SVK",0.0358040201,0.03551912568
"102","TUR","IRQ",0.1331306991,0.03574329813
"103","CMR","GNQ",0.04100946372,0.03785299419
"104","GBR","IRL",1,0.03859839109
"105","CHN","PRK",0.06394419416,0.03863890632
"106","HKG","CHN",1,0.03931847969
"107","BFA","TGO",0.03931451613,0.03946132164
"108","ARG","URY",0.05994005994,0.03951139621
"109","ISR","PSE",0.05063291139,0.03953488372
"110","BGD","MMR",0.04548900682,0.03999171156
"111","HRV","HUN",0.1494505495,0.04096115538
"112","TZA","RWA",0.05627344727,0.04105960265
"113","ZMB","NAM",0.04118148253,0.04111522852
"114","CHN","KAZ",0.06924865572,0.04183152782
"115","CAN","USA",1,0.04215231333
"116","NAM","ZMB",0.05928045789,0.04230210603
"117","COD","TZA",0.04272863568,0.04263025913
"118","BRA","URY",0.06703910615,0.04440537373
"119","ITA","AUT",0.225,0.04511120436
"120","LAO","MMR",0.04623179227,0.04623253984
"121","NER","BEN",0.04661016949,0.046691241
"122","HUN","SVN",0.04670126019,0.04698295716
"123","HUN","UKR",0.04744255004,0.04744357439
"124","SSD","KEN",0.0483059376,0.04836356056
"125","BLR","LVA",0.04888888889,0.04862068966
"126","MYS","BRN",0.1212276215,0.04870877014
"127","IRQ","JOR",0.04933920705,0.04881337648
"128","SDN","LBY",0.05662621937,0.05028226336
"129","BRA","GUY",0.07613101106,0.05044630782
"130","TUR","IRN",0.188449848,0.05067018684
"131","ITA","FRA",0.2525,0.05119597146
"132","EGY","ISR",0.09963768116,0.05200391007
"133","IRN","AZE",0.07928994083,0.05482233503
"134","BRA","ARG",0.08336071859,0.05517987557
"135","DEU","CHE",0.09244444444,0.05557404326
"136","ZAF","SWZ",0.08937437934,0.05613577023
"137","ARG","BOL",0.08608058608,0.05677630681
"138","PRK","KOR",0.1423076923,0.05710172745
"139","KEN","SSD",0.06663581675,0.05781211064
"140","MLI","SEN",0.05776494112,0.05784895761
"141","LBY","NER",0.0814211695,0.05786204642
"142","BRA","PRY",0.08763281849,0.05815526102
"143","FRA","DEU",0.1559888579,0.05825368122
"144","COD","SSD",0.05847076462,0.0583263676
"145","ISR","SYR",0.07436708861,0.05891472868
"146","MOZ","ZMB",0.09154929577,0.05950859253
"147","CHN","MMR",0.0986775178,0.05962288864
"148","ZMB","TZA",0.05964214712,0.05964355038
"149","CMR","GAB",0.06484402383,0.05968355698
"150","SVK","AUT",0.06019007392,0.05971128609
"151","RUS","MNG",0.1740633542,0.06043003295
"152","SRB","MNE",0.06111111111,0.06117414899
"153","ISR","LBN",0.07753164557,0.06124031008
"154","DZA","MRT",0.07164179104,0.06199785753
"155","NER","LBY",0.06214689266,0.06213796735
"156","LBY","SDN",0.08808290155,0.06260215757
"157","THA","MYS",0.1039046989,0.06260826528
"158","UGA","RWA",0.06264916468,0.06263899185
"159","FRA","ITA",0.1688022284,0.06303280806
"160","RUS","CHN",0.182103232,0.06320443905
"161","IRN","TUR",0.09171597633,0.0633248731
"162","SDN","CAF",0.07137758744,0.06341079165
"163","SVK","UKR",0.06335797254,0.06364829396
"164","POL","RUS",0.07390300231,0.06381660471
"165","TZA","ZMB",0.08753647353,0.06395458846
"166","AUT","CHE",0.06407035176,0.06401249024
"167","COL","ECU",0.09916912356,0.06404689535
"168","ZAF","MOZ",0.100959947,0.06409921671
"169","ETH","DJI",0.06433101782,0.06418918919
"170","SAU","ARE",0.1031601889,0.06463017961
"171","MYS","THA",0.1606138107,0.06468933777
"172","IRQ","KWT",0.06607929515,0.06472491909
"173","EST","RUS",0.465648855,0.06641066185
"174","LTU","POL",0.07206068268,0.0667644901
"175","PAK","CHN",0.07721549062,0.0668797954
"176","CHL","BOL",0.1395409494,0.06830080914
"177","BGR","MKD",0.08192341941,0.06845513414
"178","IND","MMR",0.1029561672,0.06898014994
"179","HUN","SRB",0.06968124537,0.06955320129
"180","MOZ","ZAF",0.1073943662,0.06973441273
"181","MEX","GTM",0.2210720887,0.0703062194
"182","BRA","PER",0.1062547924,0.0703272924
"183","UKR","POL",0.1128753883,0.07065144392
"184","COD","UGA",0.0712143928,0.07105043188
"185","UKR","ROU",0.1139109424,0.07132303559
"186","DJI",NA,0.1158536585,0.07244655582
"187","ZWE","ZAF",0.07349081365,0.07338551859
"188","MLI","CIV",0.07353921351,0.07345022781
"189","SVN","HUN",0.07599517491,0.07388092134
"190","PAN","COL",0.4057971014,0.07389162562
"191","ZMB","MOZ",0.07384265834,0.07393682725
"192","TGO","BFA",0.07624633431,0.07398708162
"193","FRA","CHE",0.1983286908,0.07401188323
"194","BRA","COL",0.1118413846,0.07406906501
"195","SRB","HUN",0.0746031746,0.07449432659
"196","TZA","UGA",0.1025427261,0.07492904447
"197","LBY","TUN",0.1054774241,0.07502451782
"198","DEU","FRA",0.1244444444,0.07504159734
"199","DEU","POL",0.1257777778,0.07587354409
"200","EST","LVA",0.5368956743,0.07657555907
"201","ITA","CHE",0.3833333333,0.07763323542
"202","YEM","OMN",0.1649769585,0.07886089814
"203","SDN","ERI",0.08945990959,0.07942759617
"204","MRT","DZA",0.09134157945,0.07944406314
"205","GEO",NA,0.09691629956,0.07961603614
"206","IND","NPL",0.1189262657,0.07968315338
"207","FRA","BEL",0.217270195,0.08008266598
"208","FRA","ESP",0.2155988858,0.08047016275
"209","MKD","SRB",0.08193277311,0.08093994778
"210","COG","CAF",0.08479532164,0.08231976027
"211","OMN","YEM",0.2096018735,0.08309290248
"212","LAO","CHN",0.08328055731,0.08321857171
"213","HRV","SVN",0.3076923077,0.08341633466
"214","TUR","SYR",0.3106382979,0.08346872461
"215","ARG","BRA",0.1267066267,0.08352668213
"216","TZA","BDI",0.116715298,0.0853358562
"217","LVA","BLR",0.123943662,0.08555825243
"218","MNE",NA,0.1262886598,0.08600979858
"219","GAB","CMR",0.1167192429,0.08672875437
"220","TZA","COD",0.1187994998,0.08684957427
"221","KAZ","KGZ",0.08748660236,0.0874958375
"222","CHE","AUT",0.08861859253,0.08855291577
"223","GIN","SEN",0.09943181818,0.08873353052
"224","MAR","ESH",0.2192982456,0.08926052791
"225","CAF","COG",0.08953380673,0.08958373298
"226","KOR","PRK",1,0.08977744247
"227","TZA","MWI",0.1229679033,0.08987701041
"228","ESP","FRA",0.3246644295,0.09052600988
"229","SSD","UGA",0.09057363301,0.09068167605
"230","COG","CMR",0.09502923977,0.09219108056
"231","CHN","IND",0.1525940997,0.09223128769
"232","GEO","ARM",0.1123348018,0.09260304912
"233","CAF","SDN",0.09262117938,0.09265298293
"234","SDN","ETH",0.1068284559,0.09491925955
"235","IRQ","TUR",0.09647577093,0.09492988134
"236","VEN","GUY",0.1488881727,0.09534197357
"237","SAU","OMN",0.1525608427,0.09560175364
"238","BFA","BEN",0.09576612903,0.09583463827
"239","DEU","NLD",0.1595555556,0.09600665557
"240","QAT","SAU",1,0.0963081862
"241","GTM","SLV",0.1202290076,0.0972688069
"242","USA","MEX",0.2610323616,0.09828524939
"243","BRA","VEN",0.1533574324,0.09917951492
"244","THA","KHM",0.1651224355,0.0993565949
"245","CHN","RUS",0.1645836361,0.09946243894
"246","TKM","KAZ",0.1012494614,0.1014453961
"247","GAB","GNQ",0.1388012618,0.101862631
"248","BEL","LUX",0.1068524971,0.101963486
"249","ALB",NA,0.1555555556,0.1035120148
"250","GIN","GNB",0.1136363636,0.1037913418
"251","SEN","GIN",0.1280487805,0.1040681173
"252","CMR","COG",0.113915177,0.1047466453
"253","SAU","JOR",0.167816927,0.1052184981
"254","LAO","KHM",0.1063964535,0.1064332087
"255","SEN","GNB",0.1280487805,0.1065909808
"256","MOZ","TZA",0.1654929577,0.1073711121
"257","PAN","CRI",0.6086956522,0.1083743842
"258","HND","GTM",0.1691489362,0.1088435374
"259","JOR","IRQ",0.1102362205,0.1089704997
"260","NER","BFA",0.1101694915,0.1102334562
"261","BGR","TUR",0.1335707925,0.1110083256
"262","BOL","PRY",0.1121718377,0.1112264571
"263","SWE","FIN",0.2752161383,0.1126398826
"264","PER","BOL",0.1627906977,0.1132075472
"265","MLI","NER",0.1133081537,0.1133508215
"266","TJK","CHN",0.1132657558,0.1133935908
"267","CZE","SVK",0.1146278871,0.1143009038
"268","BEL","DEU",0.1207897793,0.115053393
"269","SAU","IRQ",0.1837994915,0.115118088
"270","IRN","PAK",0.1671597633,0.1153553299
"271","HRV","BIH",0.4241758242,0.1160358566
"272","PAK","IRN",0.1342361606,0.1162404092
"273","LBN","ISR",0.1737588652,0.11634757
"274","OMN","ARE",0.2927400468,0.1182919792
"275","MLI","GIN",0.1184181293,0.118459202
"276","ZAF","LSO",0.1870241642,0.1186684073
"277","RUS","KAZ",0.3420164014,0.1187099012
"278","IRN","AFG",0.1721893491,0.1187817259
"279","SRB","HRV",0.119047619,0.1188949186
"280","UKR","BLR",0.1912323093,0.119677636
"281","GTM","HND",0.1517175573,0.1226641112
"282","BOL","ARG",0.1233890215,0.1233872164
"283","IRN","TKM",0.1822485207,0.1258883249
"284","BEN","NER",0.1334951456,0.1260663507
"285","POL","BLR",0.146073903,0.1260842627
"286","UKR","MDA",0.2012426648,0.1261249161
"287","ZAF","NAM",0.1989407481,0.1262402089
"288","SOM","KEN",0.2924137931,0.1271202237
"289","GTM","BLZ",0.1574427481,0.127455678
"290","KAZ","CHN",0.1276795284,0.1276223776
"291","CHN","MNG",0.2111611684,0.1276229978
"292","BOL","CHL",0.1276849642,0.1276879727
"293","DZA","NER",0.147761194,0.1280128548
"294","ARG","PRY",0.1948051948,0.1282926164
"295","AUT","SVN",0.1319095477,0.1288056206
"296","DEU","AUT",0.2164444444,0.1304492512
"297","ARM","GEO",0.1309370988,0.1307814992
"298","CAF","SSD",0.1309046002,0.1308267792
"299","SSD","COD",0.130828581,0.1309151553
"300","DZA","LBY",0.1517412935,0.131494376
"301","LVA","RUS",0.1901408451,0.1316747573
"302","SEN","MLI",0.1585365854,0.1321349732
"303","BOL","PER",0.1336515513,0.1334717485
"304","AFG","TKM",0.1344586729,0.1345632122
"305","MNE","SRB",0.1984536082,0.1350027218
"306","DZA","TUN",0.1567164179,0.1352437065
"307","DEU","CZE",0.2248888889,0.1356073211
"308","ETH","SDN",0.1356085775,0.1356981982
"309","IND","PAK",0.2048929664,0.1373002027
"310","PNG","IDN",1,0.1373074347
"311","POL","SVK",0.1593533487,0.1375464684
"312","MLI","BFA",0.1377471673,0.138064338
"313","ECU","COL",0.296,0.1389215917
"314","MRT","SEN",0.1601649223,0.1394989705
"315","ALB","MKD",0.2088888889,0.1395563771
"316","BLR","POL",0.1405555556,0.1403448276
"317","ZMB","ZWE",0.1405850611,0.140638786
"318","SVK","CZE",0.141499472,0.1410761155
"319","AZE","RUS",0.14068745,0.1410829608
"320","POL","DEU",0.1633949192,0.1412639405
"321","AUT","CZE",0.1413316583,0.1412958626
"322","LBR","SLE",0.192893401,0.1414048059
"323","SSD","CAF",0.1422341496,0.142172191
"324","GEO","TUR",0.172907489,0.1422924901
"325","AUT","HUN",0.1425879397,0.1428571429
"326","TZA","MOZ",0.1959149646,0.1430463576
"327","JOR","ISR",0.1456692913,0.1432871764
"328","NER","MLI",0.1440677966,0.1441109356
"329","NIC","CRI",0.2509803922,0.1443250817
"330","BEN","BFA",0.1537216828,0.1450236967
"331","HND","SLV",0.2265957447,0.1454081633
"332","TZA","KEN",0.1992496874,0.1455061495
"333","COD","CAF",0.1469265367,0.1464660537
"334","CIV","MLI",0.1715025907,0.1467586207
"335","UGA","TZA",0.146778043,0.1467753892
"336","BGR","SRB",0.1763134461,0.1470860315
"337","ZMB","MWI",0.1476853167,0.1476971943
"338","DJI","ERI",0.237804878,0.148456057
"339","SRB","BIH",0.1492063492,0.1489886532
"340","GIN","LBR",0.165719697,0.1513847809
"341","HUN","HRV",0.1512231282,0.1515430677
"342","VNM","KHM",0.2646548734,0.1519237907
"343","BIH","MNE",0.1543550165,0.1521298174
"344","CAF","CMR",0.152824946,0.1528870132
"345","BRA","BOL",0.2300361485,0.1532774322
"346","SYR","LBN",0.1664285714,0.153311529
"347","SYR","JOR",0.1664285714,0.153311529
"348","FIN","SWE",0.228742515,0.1558375635
"349","ERI","SDN",0.3722772277,0.1567357513
"350","SRB","BGR",0.1571428571,0.1568820918
"351","NGA","BEN",0.1908548708,0.157755102
"352","VNM","CHN",0.2761012834,0.1584807621
"353","ALB","MNE",0.2377777778,0.1589648799
"354","IND","CHN",0.2378525314,0.1593663068
"355","CMR","CAF",0.1735015773,0.1596234729
"356","AZE","GEO",0.1598721023,0.1599602583
"357","CRI","NIC",0.483627204,0.1601866252
"358","LBY","DZA",0.2257586973,0.1605099706
"359","CIV","BFA",0.1880829016,0.1611034483
"360","UGA","SSD",0.161097852,0.1612305411
"361","ETH","KEN",0.1615826034,0.1615990991
"362","ROU","HUN",0.176508344,0.1620929382
"363","COL","PER",0.2492629322,0.1623968736
"364","POL","UKR",0.1887990762,0.1629491945
"365","IRQ","SYR",0.1656387665,0.1631607335
"366","AGO","ZMB",0.213622291,0.1632833186
"367","GIN","CIV",0.1799242424,0.1640225867
"368","ROU","MDA",0.1797175866,0.1646542261
"369","MWI","TZA",0.1648044693,0.1648733079
"370","ETH","SSD",0.1658109333,0.1657282282
"371","LTU","RUS",0.1782553729,0.1665443874
"372","SDN","EGY",0.1881989055,0.1671261652
"373","NER","DZA",0.1677966102,0.167807618
"374","AUT","ITA",0.1695979899,0.1678376269
"375","SVN","ITA",0.1737032569,0.1680428799
"376","CIV","GIN",0.1968911917,0.1682758621
"377","HUN","AUT",0.1682727947,0.1685859051
"378","HTI","DOM",1,0.1689347724
"379","AFG","IRN",0.1690919674,0.1691083379
"380","KEN","SOM",0.1962054604,0.1699476701
"381","CRI","PAN",0.5289672544,0.1710730949
"382","ETH","ERI",0.1712473573,0.1711711712
"383","BFA","GHA",0.171875,0.1719386157
"384","LBY","TCD",0.2427831236,0.1724419745
"385","BLR","LTU",0.1733333333,0.1731034483
"386","SRB",NA,0.1738095238,0.1736556487
"387","ROU","SRB",0.189987163,0.1741675814
"388","MOZ","ZWE",0.2693661972,0.1748331203
"389","GIN","SLE",0.1917613636,0.1753159451
"390","TUN","LBY",0.3121577218,0.1753916699
"391","NAM","ZAF",0.2457072772,0.1755628177
"392","ESP","PRT",0.6325503356,0.1764022087
"393","UZB","KGZ",0.1766683911,0.176659701
"394","TCD","LBY",0.1769147789,0.1767761394
"395","COL","BRA",0.2736531761,0.1783543205
"396","SDN","TCD",0.2022364977,0.1785479848
"397","PER","ECU",0.2558139535,0.1786163522
"398","COD","ZMB",0.179910045,0.1792514164
"399","KHM","LAO",0.2102628285,0.1794361526
"400","CHE","DEU",0.180712424,0.1803455724
"401","GEO","AZE",0.2202643172,0.1818181818
"402","LBY","EGY",0.2564766839,0.182249101
"403","BFA","CIV",0.1829637097,0.182900094
"404","TCD","CMR",0.1833872708,0.183310992
"405","KAZ","UZB",0.1834137192,0.1833999334
"406","SSD","ETH",0.1841663871,0.1840733792
"407","DZA","MLI",0.2126865672,0.184252812
"408","CIV","GHA",0.2150259067,0.1842758621
"409","ISR","JOR",0.2341772152,0.184496124
"410","IRN","IRQ",0.2680473373,0.1850253807
"411","UZB","TJK",0.186497672,0.1866259444
"412","FIN","NOR",0.2736526946,0.1868020305
"413","MNE","ALB",0.2757731959,0.18726184
"414","MMR","IND",0.2489728841,0.1874199334
"415","ARE","OMN",0.4638218924,0.1876430206
"416","PER","COL",0.2703488372,0.1881761006
"417","GEO",NA,0.2290748899,0.1885940147
"418","RWA","UGA",0.1891891892,0.18924972
"419","MLI","DZA",0.1899577872,0.1899765291
"420","CYP",NA,1,0.19
"421","IND","BGD",0.2851965115,0.1910981187
"422","PRY","BOL",0.1926229508,0.1913265306
"423","KEN","TZA",0.2211938917,0.1916272116
"424","PSE","JOR",0.2068965517,0.1916996047
"425","CZE","AUT",0.1924721985,0.192450824
"426","MKD","BGR",0.1932773109,0.1932114883
"427","ROU","UKR",0.2118100128,0.1942919868
"428","OMN","SAU",0.4918032787,0.1950375072
"429","ZMB","AGO",0.1959670548,0.1958708311
"430","PER","BRA",0.2819767442,0.1962264151
"431","SWZ","MOZ",0.1957831325,0.1962616822
"432","BFA","NER",0.1965725806,0.196680238
"433","TCD","NER",0.1968716289,0.196883378
"434","MKD","ALB",0.1974789916,0.1971279373
"435","CIV","LBR",0.2305699482,0.1975172414
"436","TKM","AFG",0.1990521327,0.199143469
"437","TCD","CAF",0.2006472492,0.2005697051
"438","AGO","NAM",0.2647058824,0.2024124743
"439","BWA","ZWE",0.2024048096,0.20249066
"440","LUX","FRA",0.201793722,0.2033426184
"441","POL","CZE",0.2361431871,0.2038413879
"442","HUN","ROU",0.2038547072,0.2040534316
"443","BIH","SRB",0.2072767365,0.2041920216
"444","GUY","SUR",0.2418300654,0.2054091065
"445","LVA","EST",0.2971830986,0.2057038835
"446","SAU","YEM",0.3290955321,0.2061943148
"447","ISR","EGY",0.2610759494,0.2062015504
"448","NER","TCD",0.2062146893,0.2062489029
"449","MKD",NA,0.2079831933,0.2075718016
"451","GHA","BFA",0.2621060723,0.208507406
"452","DZA","MAR",0.2410447761,0.2087573648
"453","ARE","SAU",0.5269016698,0.2091533181
"454","UKR","RUS",0.3379357957,0.2116856951
"455","ARM","TUR",0.2143774069,0.2137161085
"456","KEN","ETH",0.2475705692,0.2145527037
"457","AZE","IRN",0.2142286171,0.2146050671
"458","THA","LAO",0.3606882859,0.2170254887
"459","EGY","LBY",0.4184782609,0.2179863148
"460","AFG","TJK",0.2179860303,0.2181226262
"461","DOM","HTI",1,0.2184466019
"462","CMR","TCD",0.2383456011,0.2191067494
"463","IRQ","SAU",0.222907489,0.2195253506
"464","KGZ","CHN",0.2211618257,0.221248066
"465","ROU","BGR",0.242618742,0.2224661544
"466","COL","VEN",0.340391316,0.2225358228
"467","THA","MMR",0.3639973527,0.2227171492
"468","MOZ","MWI",0.3433098592,0.2228376651
"469","COD","COG",0.2248875562,0.2238320795
"470","KGZ","TJK",0.22406639,0.2243424446
"471","SLE","LBR",0.3193277311,0.225
"472","JOR","SYR",0.2293307087,0.2257676099
"473","GNQ","CMR",0.3492537313,0.2263473054
"474","MYS","IDN",0.5662404092,0.2278189721
"475","TCD","SDN",0.2292340885,0.2278820375
"476","BGR","GRC",0.2733748887,0.2284921369
"477","MEX","USA",0.7216266174,0.2295549222
"478","CAF","TCD",0.2297005249,0.229618262
"479","MMR","THA",0.3012873185,0.2305918524
"480","GIN","MLI",0.2523674242,0.2307071793
"481","KWT","SAU",0.4808362369,0.2310093652
"482","KEN","UGA",0.2683942619,0.2324943932
"483","COD","AGO",0.2338830585,0.233212594
"484","SEN","GMB",0.2804878049,0.2333648691
"485","SRB","ROU",0.2349206349,0.2348297977
"486","ERI","ETH",0.5613861386,0.2362694301
"487","SLV","GTM",0.3716814159,0.2382629108
"488","TJK","KGZ",0.2379903041,0.2382908792
"489","SVN","AUT",0.2533172497,0.2390265102
"490","BDI","COD",0.2396694215,0.2392197125
"491","ZAF","BWA",0.3773584906,0.2402088773
"492","RWA","TZA",0.2432432432,0.2430011198
"493","RWA","COD",0.2432432432,0.2430011198
"494","SUR","GUF",0.301602262,0.2436693741
"495","TLS","IDN",1,0.244111349
"496","MNE","BIH",0.3608247423,0.2449646162
"497","NAM","BWA",0.3475061325,0.2469135802
"498","SYR","IRQ",0.2685714286,0.2473426002
"499","EGY","SDN",0.4776570048,0.2488758553
"500","KWT","IRQ",0.5226480836,0.2497398543
"501","NAM","AGO",0.3495502862,0.2498184459
"502","GHA","CIV",0.3189853958,0.2537030004
"503","SDN","SSD",0.2864620509,0.254299593
"504","GUY","VEN",0.3019607843,0.2543649435
"505","IRL","GBR",1,0.2562917309
"506","SEN","MRT",0.3079268293,0.2563859981
"508","ZWE","ZMB",0.2598425197,0.2599478147
"509","LBR","GIN",0.3553299492,0.2601663586
"510","URY","ARG",0.3703703704,0.2603417266
"511","UZB","TKM",0.2604759441,0.2605690403
"512","ALB","GRC",0.3888888889,0.2606284658
"513","NER","NGA",0.2627118644,0.2627698789
"514","VEN","COL",0.4092813406,0.2630565892
"515","VNM","LAO",0.4578563996,0.2635160213
"516","ZWE","BWA",0.2650918635,0.2651663405
"517","TKM","IRN",0.2654028436,0.2655246253
"518","KHM","THA",0.3122653317,0.2663349917
"519","MRT","ESH",0.3076435141,0.2678448868
"520","KGZ","KAZ",0.2709543568,0.2710159876
"521","LVA","LTU",0.3957746479,0.2748786408
"522","BLZ","MEX",0.4984423676,0.2771618625
"523","USA","CAN",0.7389676384,0.2782714813
"524","MMR","CHN",0.3719528896,0.2799128875
"525","BGR","ROU",0.3365983972,0.2812210916
"526","VEN","BRA",0.451176281,0.2823046324
"527","KGZ","UZB",0.2834024896,0.2833935018
"528","UGA","COD",0.2834128878,0.2835433655
"529","SUR","BRA",0.3496701225,0.2852365026
"530","SUR","GUY",0.3487276155,0.2866698519
"531","MWI","ZMB",0.2905027933,0.2905241236
"532","SVK","POL",0.2914466737,0.2913385827
"533","BLZ","GTM",0.5140186916,0.2949002217
"534","SWE","NOR",0.7247838617,0.297009723
"535","BDI","RWA",0.2975206612,0.2977412731
"536","SOM","ETH",0.6827586207,0.2982292637
"537","ETH","SOM",0.2990033223,0.3003003003
"538","NLD","BEL",0.4347826087,0.3024193548
"539","CAF","COD",0.3025625193,0.3025129484
"540","BEN","TGO",0.3236245955,0.3052132701
"541","NGA","NER",0.3697813121,0.3055102041
"542","AUT","DEU",0.3059045226,0.306010929
"543","BLR","UKR",0.3077777778,0.3072413793
"544","MLI","MRT",0.3088202622,0.3088499241
"545","CHE","FRA",0.3092962641,0.3093952484
"546","BEL","NLD",0.325203252,0.310024113
"547","PAK","AFG",0.3587550487,0.310741688
"548","HUN","SVK",0.3120830245,0.3118378627
"549","BFA","MLI",0.3125,0.3131850924
"550","MAR","DZA",0.7727272727,0.3141245215
"551","GNB","SEN",0.4666666667,0.3147113594
"552","TJK","UZB",0.3177611283,0.3179950698
"553","MKD","GRC",0.3214285714,0.3211488251
"554","MDA","ROU",0.3244495944,0.3239740821
"555","RWA","BDI",0.3243243243,0.3247480403
"556","PRY","BRA",0.3278688525,0.3290816327
"557","TJK","AFG",0.3301013662,0.3303204601
"558","BLR","RUS",0.3311111111,0.3306896552
"559","LBR","CIV",0.4517766497,0.3308687616
"560","LTU","LVA",0.3552465234,0.332355099
"561","GHA","TGO",0.4189085319,0.3330801367
"562","ECU","PER",0.704,0.3343536614
"563","COG","GAB",0.3456140351,0.3354486163
"564","SYR","TUR",0.365,0.3360588716
"565","CMR","NGA",0.3680336488,0.3384738634
"566","BWA","NAM",0.3406813627,0.3387297634
"567","PRK","CHN",0.8461538462,0.339731286
"568","FIN","RUS",0.497005988,0.3401015228
"569","ZMB","COD",0.3408122692,0.3405682019
"570","NGA","CMR",0.4174950298,0.3448979592
"571","LAO","THA",0.3451551615,0.345071808
"572","UGA","KEN",0.3460620525,0.3458117124
"573","CZE","POL",0.3498716852,0.3498139288
"574","UZB","KAZ",0.3541127781,0.3541231313
"575","GNB","GIN",0.5333333333,0.3594040968
"576","ARG","CHL",0.5494505495,0.3616759929
"577","BEN","NGA",0.3883495146,0.3663507109
"578","LTU","BLR",0.394437421,0.3683052091
"579","AGO","COD",0.4829721362,0.3693733451
"580","PAK","IND",0.4297933001,0.3723785166
"581","TGO","BEN",0.3910068426,0.378156195
"582","GUY","BRA",0.454248366,0.3830879836
"583","MRT","MLI",0.4408499841,0.3838366507
"584","LUX","DEU",0.3856502242,0.3844011142
"585","TUN","DZA",0.6900328587,0.3859380971
"586","NLD","DEU",0.5574534161,0.3877688172
"587","AZE","ARM",0.3908872902,0.390958768
"588","HND","NIC",0.6095744681,0.3920068027
"589","IRQ","IRN",0.3991189427,0.3932038835
"590","YEM","SAU",0.8350230415,0.3992332968
"591","CHE","ITA",0.3996524761,0.3995680346
"592","SLV","HND",0.6283185841,0.4014084507
"593","ZWE","MOZ",0.4015748031,0.4015003262
"594","PRT","ESP",1,0.4037246425
"595","SSD","SDN",0.4038913116,0.4037940379
"596","DJI","ETH",0.6493902439,0.406175772
"597","KHM","VNM",0.4774718398,0.4072968491
"598","GEO","RUS",0.4944933921,0.40824393
"599","LUX","BEL",0.4125560538,0.4122562674
"600","LAO","VNM",0.4179860671,0.4190438717
"601","GNQ","GAB",0.6567164179,0.4191616766
"602","CHL","ARG",0.8607198748,0.4204347136
"603","NPL","CHN",0.4224422442,0.4224196856
"604","MNG","RUS",0.4236790607,0.4239659367
"605","COG","COD",0.4385964912,0.4248193196
"606","BEL","FRA",0.4529616725,0.4271443334
"607","NIC","HND",0.7490196078,0.4306398879
"608","CZE","DEU",0.4328485885,0.4332801701
"609","TKM","UZB",0.4338647135,0.4338865096
"610","BTN","CHN",0.4341317365,0.4372093023
"611","AFG","PAK",0.4394644936,0.4395008139
"612","URY","BRA",0.6296296296,0.4428956835
"613","SVK","HUN",0.444561774,0.4442257218
"614","LIE","AUT",0.4468085106,0.4473684211
"615","JOR","SAU",0.4547244094,0.447922938
"616","BWA","ZAF",0.4569138277,0.4582814446
"617","GTM","MEX",0.570610687,0.4609487302
"618","BDI","TZA",0.4628099174,0.4630390144
"619","AND","FRA",0.4693333333,0.4716666667
"620","SLE","GIN",0.6806722689,0.4794117647
"621","PRY","ARG",0.4795081967,0.4795918367
"622","SVN","HRV",0.5066344994,0.485296248
"623","BOL","BRA",0.5011933174,0.5042266054
"624","TGO","GHA",0.5327468231,0.514973576
"625","MCO","FRA",1,0.5176470588
"626","AND","ESP",0.528,0.5308333333
"627","LIE","CHE",0.5319148936,0.5394736842
"628","MWI","MOZ",0.5446927374,0.5446025686
"629","LBN","SYR",0.8262411348,0.5522827688
"630","GAB","COG",0.7457413249,0.5538416764
"631","BTN","IND",0.5628742515,0.5627906977
"632","MNG","CHN",0.5686888454,0.5689781022
"633","KAZ","RUS",0.5699356913,0.5699300699
"634","NPL","IND",0.5775577558,0.5775803144
"635","ARM","AZE",0.6277278562,0.6275917065
"636","BIH","HRV",0.638368247,0.6301555105
"637","MDA","UKR",0.6755504056,0.6760259179
"638","BRN","MYS",1,0.7029520295
"639","PSE","ISR",0.7655172414,0.7075098814
"642","SWZ","ZAF",0.813253012,0.8037383178
"643","BGD","IND",0.9545109932,0.8398259428
"644","GMB","SEN",1,0.9024390244
"645","LSO","ZAF",1,1
"646","SMR","ITA",1,1
"647","VAT","ITA",1,1
